,Fresh,Milk,Grocery,Frozen,Detergents_Paper,Delicassen
0,0.05289792045544398,0.5230352303523035,-0.04103967168262654,-0.5885867325916769,-0.0434235368156073,-0.06595744680851064
1,-0.39084367834268996,0.5439024390243903,0.1701567925918131,-0.2696744952616399,0.08642752255087056,0.08936170212765958
2,-0.44650905353048154,0.408130081300813,-0.028096390613490476,-0.13720642768850433,0.1332074680092301,2.2411347517730498
3,0.10002372104056298,-0.6233062330623306,-0.39250762916973586,0.6866501854140915,-0.49800713236836586,0.09361702127659574
4,0.8393294852534198,-0.05230352303523035,-0.07923813532568663,0.1738772146683148,-0.2315921963499056,1.29822695035461
5,-0.20455443978809204,0.333739837398374,-0.29727454488056404,-0.4954676555418212,-0.2278162366268093,-0.025886524822695035
6,0.009962837036451332,-0.3518970189701897,-0.1027044091339577,-0.5337865677791512,0.05433186490455213,-0.34716312056737586
7,-0.34956906776310587,-0.11382113821138211,0.1552141429022414,-0.2888339513803049,0.09230123767568701,0.36950354609929076
8,-0.4773464062623547,-0.2910569105691057,-0.18509944228138484,-0.5451174289245982,-0.24438850430039857,-0.274468085106383
9,-0.47394639044832765,0.717750677506775,1.1501631063874567,-0.3939019365471776,0.9532200545416405,0.20354609929078013
10,-0.682691547402546,-0.053252032520325204,0.5285699252867515,0.2737948084054388,0.6494650723725613,0.07801418439716312
11,0.09061437495058117,-0.6330623306233062,-0.36072819109754817,-0.3401318500206016,-0.4891965596811412,-0.36418439716312057
12,1.5587886455285838,0.8838753387533875,0.40050510365147846,-0.5735475896168108,0.20977554017201594,0.498936170212766
13,0.728789436229936,0.05582655826558266,0.7398716194885826,0.004944375772558714,0.802601216698133,-0.32695035460992905
14,1.0004744208112595,0.4971544715447154,0.4356518994001894,-0.5721054800164812,0.4566813509544787,0.22836879432624113
15,-0.13813552621174982,-0.6344173441734418,-0.4345996001262759,-0.5508858673259168,-0.40213971050975456,-0.3943262411347518
16,-0.8681900846050447,0.4092140921409214,0.4388087972219299,-0.6050679851668727,0.34130480385986994,-0.1574468085106383
17,-0.4842255080256187,0.0489159891598916,-0.5280437756497948,-0.45982694684796044,-0.5267463813719321,1.0475177304964538
18,0.5219419625207559,0.07195121951219512,0.22603388403662,-0.17840955912649362,-0.02391441157960982,0.5875886524822695
19,-0.3336759705859097,-0.447289972899729,0.1592128801431127,-0.49484960857025134,-0.07614852108244179,-0.3627659574468085
20,0.43852296987427847,-0.17303523035230353,-0.35241502683363146,-0.41306139266584263,-0.1304803859869939,0.2127659574468085
21,-0.5086581798054874,-0.6673441734417345,-0.625170998632011,0.06427688504326329,-0.5256975036710719,-0.33865248226950356
22,1.524155926306634,-0.525609756097561,-0.36641060717668106,1.3055212196126906,-0.10488777008600797,0.9964539007092199
23,1.1364750533723413,4.15,1.4803746185415132,0.4291306139266584,0.3054331864904552,5.318794326241135
24,0.8418597295801376,0.5392953929539296,0.6146480058928759,-0.032138442521631644,0.33585063981539753,1.5085106382978724
25,0.32932711314936347,-0.2121951219512195,-0.03746185415132063,-0.5912649361351463,0.23536815607300188,-0.5202127659574468
26,-0.1662054242112754,-0.6551490514905149,-0.535620330421972,0.016481252575195716,-0.55359765051395,-0.2450354609929078
27,0.17996362773780344,-0.6765582655826559,-0.5162580237819636,-0.5327564894932015,-0.5833857772183764,-0.3567375886524823
28,-0.6236261564007275,1.9902439024390244,1.8947700726086498,-0.3941079522043675,1.2005454164044473,1.3056737588652483
29,2.4581323634063414,-0.5008130081300813,-0.5621382721245922,-0.3854552946023898,-0.3721418082651563,-0.24858156028368794
30,0.5388629714556812,-0.2962059620596206,0.3321056508471009,-0.396168108776267,-0.15670232850849591,0.5102836879432624
31,-0.7423104293508342,-0.19742547425474255,-0.5069977901715248,-0.20251339101771734,-0.43234738829452485,-0.19113475177304964
32,0.7616035423420574,-0.6067750677506775,-0.5329895822371883,-0.5778739184177998,-0.4117893853576673,-0.39680851063829786
33,1.4018344271368703,-0.13685636856368563,-0.06576870461959382,0.6302018953440461,-0.5286343612334802,-0.15638297872340426
34,-0.8300782794338578,-0.5172086720867208,-0.5986530569293907,-0.5451174289245982,-0.5030417453324942,-0.400354609929078
35,-0.8944413694947418,-0.041327913279132794,0.3304219720088393,-0.4610630407911001,0.28487518355359764,-0.38581560283687943
36,1.419704277694315,-0.1943089430894309,-0.2654951068083763,-0.2764730119489081,-0.42353681560730017,1.1
37,0.2504941883450621,0.6449864498644986,0.47627065137325053,-0.23712402142562836,0.7604363331235577,-0.2872340425531915
38,-0.5858306317703803,1.3459349593495935,0.9216037040934442,-0.6258755665430573,0.8548353262009649,-0.38687943262411345
39,3.491658100735352,-0.7101626016260163,-0.7417657581816268,1.4278945199835187,-0.5598909167191105,0.49361702127659574
40,0.9508183758994228,-0.1983739837398374,-0.3361043880879722,1.326534816646065,-0.3641703377386197,1.5390070921985815
41,0.5674072902664663,-0.37005420054200544,-0.20993370514574344,-0.2138442521631644,-0.06419131529263687,0.4531914893617021
42,-0.09093065549142089,0.23834688346883467,0.7376617910133642,-0.5939431396786156,0.8428781204111601,-0.524113475177305
43,-0.8990274373369178,0.7180216802168021,1.688624644848995,-0.47053976102183764,1.394587791063562,-0.5148936170212766
44,-0.18423341503913973,0.1668021680216802,0.26517941702620224,-0.5212196126905645,0.3643801132787917,-0.5173758865248227
45,-0.539179251996521,2.2016260162601626,1.4290224139745344,-0.2742068397198187,0.9381162156492553,1.227304964539007
46,-0.703486992962758,1.1210027100271003,1.4736399031884668,-0.28903996703749485,0.8204321376127544,-0.02553191489361702
47,2.5670910097256265,6.56680216802168,5.011049142376092,0.9705397610218377,4.466121250262219,1.7521276595744681
48,-0.038032735035976914,0.048238482384823846,0.3069556982005682,-0.5123609394313968,0.4698972099853157,-0.01702127659574468
49,-0.5561002609314462,2.115989159891599,2.2066715773966115,-0.2622579316028018,2.2450178309209146,-0.1280141843971631
50,-0.45315094488811575,-0.6369918699186992,-0.6283278964537514,0.16254635352286773,-0.47661002727082025,0.22624113475177304
51,-0.6841938799715348,-0.236449864498645,-0.10049458065873934,-0.5834363411619283,-0.2817285504510174,-0.43368794326241134
52,2.2709733533644343,-0.25474254742547425,-0.21835209933705146,-0.523073753605274,-0.06167400881057269,-0.08723404255319149
53,-0.9100181861310983,0.633739837398374,0.3768283699884247,-0.47939843428100537,0.5726872246696035,-0.46099290780141844
54,1.2120661026330355,-0.5890243902439024,-0.631800484057666,-0.130819942315616,-0.5615691210404867,-0.06773049645390071
55,-0.5326164307740966,-0.28631436314363146,-0.3100073660949174,-0.4149155335805521,-0.17977763792741766,-0.1397163120567376
56,-0.6248122084288764,3.265040650406504,1.990424076607387,-0.09373712402142563,3.117054751415985,-0.06524822695035461
57,-0.5205187000869772,0.5605691056910569,0.26686309586446383,-0.6248454882571075,0.9840570589469267,-0.08581560283687943
58,0.14066577053846763,-0.5184281842818428,-0.6632642323476797,-0.5098887515451175,-0.5567442836165303,-0.38581560283687943
59,-0.4635882027358267,-0.05907859078590786,0.009365463537830158,-0.6060980634528225,0.042584434654919234,0.02801418439716312
60,-0.26962916106586543,-0.3727642276422764,-0.01020730295696096,-0.6128965801400906,0.25466750576882735,-0.46063829787234045
61,1.893097177196173,4.413685636856369,5.434810059981059,0.0377008652657602,4.99685336689742,0.174822695035461
62,-0.33027595477188265,0.06084010840108401,-0.1480585078396296,0.223114956736712,0.25026221942521504,-0.19858156028368795
63,-0.20589863208666087,0.7865853658536586,0.8233189519099232,-0.03605274000824062,1.0060834906649885,-0.08120567375886525
64,-0.572467778919902,-0.6191056910569106,-0.4946858886667368,0.134528224145035,-0.34277323264107407,-0.13439716312056738
65,-0.9421206610263304,2.0546070460704606,3.9857939598021677,-0.6252575195714875,4.47870778267254,-0.035815602836879436
66,-0.9481299913022851,-0.5775067750677507,-0.05619278122698095,-0.5966213432220849,0.12313824208097336,-0.5308510638297872
67,0.6256819799161857,0.13048780487804879,0.5799221298537304,-0.37391841779975277,0.47409272078875603,-0.24468085106382978
68,-0.7554360717956827,0.1983739837398374,-0.4165000526149637,0.57663782447466,-0.4390602055800294,0.5570921985815603
69,-0.28844785324582906,-0.4032520325203252,-0.700620856571609,-0.4721878862793572,-0.46675057688273547,-0.48936170212765956
70,0.37202498616272633,-0.509349593495935,-0.49973692518152163,1.5599505562422744,-0.580029368575624,-0.05638297872340425
71,0.4974302206056772,-0.6138211382113821,1.377564979480164,0.4742480428512567,0.2710299979022446,4.591489361702128
72,-0.5993516248912786,-0.08902439024390243,-0.5566663159002421,1.1950968273588793,-0.3272498426683449,-0.47624113475177304
73,0.6245749980232467,-0.06287262872628727,0.08018520467220877,1.042645241038319,-0.4440948185441578,-0.31063829787234043
74,-0.3012572151498379,0.07411924119241192,0.19393875618225823,-0.36794396374124433,-0.2055800293685756,0.09078014184397164
75,0.6640309954930023,-0.6313008130081301,-0.8363674629064506,0.27523691800576844,-0.6037340046150619,-0.1946808510638298
76,-0.8921483355736538,-0.29932249322493226,-0.1493212669683258,0.9186238154099712,-0.4933920704845815,-0.22340425531914893
77,0.0162093777180359,0.9350948509485095,2.1665789750605073,-0.453646477132262,1.9200755191944618,-0.18262411347517732
78,-0.09757254684905511,-0.6261517615176152,-0.619172892770704,-0.20086526576019778,-0.5412208936438011,-0.48120567375886525
79,-0.8191666007748873,-0.3437669376693767,-0.45206776807324,-0.453852492789452,-0.35221313194881476,0.045744680851063826
80,-0.3949553253736064,-0.6730352303523035,-0.5200463011680522,-0.5440873506386485,-0.4764002517306482,-0.3528368794326241
81,-0.9315252629081996,0.5073170731707317,0.6789434915289908,-0.5743716522455706,1.0356618418292427,-0.4851063829787234
82,-0.1295168814738673,0.4655826558265583,0.3217931179627486,-0.48084054388133496,0.13761275435284245,0.2900709219858156
83,0.7016683798529295,-0.5735772357723578,-0.6490581921498474,-0.15471775854964978,-0.4889867841409692,-0.26666666666666666
84,-0.010516327982920851,-0.33455284552845527,-0.33010628222666527,-0.3899876390605686,0.20054541640444723,-0.4978723404255319
85,0.3255317466592868,5.474390243902439,8.926549510680838,-0.42130201895344044,7.960142647367317,0.5035460992907801
86,0.8638412271684984,9.17371273712737,2.5426707355571923,-0.4293366295838484,3.605831760016782,-0.22021276595744682
87,2.4721277773384993,-0.10447154471544716,0.017468167946964118,0.6676967449526164,-0.27312775330396477,4.548581560283688
88,-0.3270340792282755,-0.7119241192411924,-0.41134378617278755,1.372888339513803,-0.5697503671071953,-0.524113475177305
89,1.0203210247489523,-0.26558265582655827,-0.2758076396927286,0.07663782447466007,-0.5091252359974827,0.5865248226950355
90,-0.04704673044990907,-0.7046070460704607,-0.6643165316215932,0.05686032138442522,-0.5898888189637088,-0.4127659574468085
91,0.059618881948288134,-0.4111111111111111,-0.5704514363885089,1.1582200247218788,-0.47283406754772395,-0.14432624113475176
92,-0.22155451885822725,2.937127371273713,2.5342523413658844,0.03316852080758138,3.3616530312565556,1.278723404255319
93,-0.05424211275401281,-0.36666666666666664,-0.6196990424076607,6.579728059332509,-0.5894692678833648,0.41631205673758864
94,-0.5039930418281016,0.870460704607046,0.35483531516363254,-0.5902348578491965,0.4524858401510384,-0.45390070921985815
95,-0.9486044121135447,-0.3897018970189702,-0.17878564663790383,-0.542027194066749,-0.5575833857772183,-0.28900709219858156
96,-0.9470230094093461,-0.43089430894308944,0.017573397874355468,-0.6028018129377832,0.20830711139081184,-0.4634751773049645
97,-0.9169763580295722,-0.7509485094850948,-0.7724928969799011,-0.47321796456530696,-0.593035452066289,-0.5180851063829788
98,-0.9090693445085791,-0.770189701897019,-0.7548142691781543,-0.44829007004532345,-0.5926159009859451,-0.49361702127659574
99,-0.18518225666165888,-0.4897018970189702,-0.6357992212985373,0.5290482076637825,-0.5592615900985946,-0.425886524822695
100,-0.03210247489523207,0.2686991869918699,0.44122908555193097,0.03728883395138031,1.08118313404657,0.5336879432624113
101,-0.8365620305210721,0.6794037940379404,0.8750920761864674,-0.3044911413267408,0.8149779735682819,0.11134751773049645
102,-0.7170079860836562,0.08983739837398375,-0.028833000105229926,-0.10506798516687268,0.35494021397105097,-0.04893617021276596
103,3.4855697003241874,-0.3105691056910569,0.10049458065873934,3.0813761845900287,-0.2938955317809943,0.3453900709219858
104,0.16604728394085555,-0.4964769647696477,-0.47416605282542357,-0.35743716522455704,-0.29158800083910213,-0.34609929078014184
105,0.28362457499802324,-0.6479674796747967,-0.4189203409449648,-0.44519983518747425,-0.5752045311516677,-0.05177304964539007
106,-0.8338736459239345,0.07330623306233063,0.2896979901083868,-0.6052740008240626,0.8284036081392909,0.10886524822695036
107,-0.25326164307740967,0.6571815718157181,0.7297695464590129,-0.12360939431396786,1.277113488567233,-0.03049645390070922
108,-0.8277852455127698,0.3524390243902439,-0.10207302956960959,-0.5817882159044088,-0.07887560310467799,-0.10212765957446808
109,-0.8376690124140113,1.4814363143631437,2.213511522677049,-0.49402554594149156,-0.42899097965177263,-0.5393617021276595
110,-0.01439076460820748,-0.562059620596206,-0.6584236556876776,-0.16378244746600742,-0.5689112649465072,0.043617021276595745
111,0.04578160828655017,0.7205962059620596,1.0121014416500052,-0.46683147919241863,0.750157331655129,-0.0017730496453900709
112,0.5571281726891752,-0.4100271002710027,-0.5768704619593813,1.1911825298722702,-0.5030417453324942,0.4198581560283688
113,0.19277298964181228,-0.474390243902439,-0.6543196885194149,0.03069633292130202,-0.48164464023494863,0.013120567375886525
114,0.47789989720882425,-0.6390243902439025,-0.6262232979059245,-0.10630407911001236,-0.5796098174952801,-0.09148936170212765
115,-0.06847473709180042,-0.6779132791327913,-0.5222561296432705,-0.07334157395962093,-0.5464652821481015,-0.324113475177305
116,-0.06539100181861311,-0.4437669376693767,-0.48363674629064507,-0.32014833127317677,-0.539332913782253,-0.46170212765957447
117,-0.39614137740175537,-0.25962059620596206,-0.2705461433231611,-0.2933662958384837,-0.5374449339207048,-0.12907801418439716
118,0.6364355183047363,-0.5291327913279132,-0.5881300641902557,0.4680675731355583,-0.5181455842248793,-0.20957446808510638
119,-0.29588044595556257,-0.46775067750677507,-0.610754498579396,0.1699629171817058,-0.5485630375498217,-0.3152482269503546
120,0.408001897683245,-0.6227642276422765,-0.4776386404293381,-0.13473423980222496,-0.5678623872456472,-0.1375886524822695
121,-0.6309796789752511,-0.34715447154471546,-0.6790487214563822,-0.13926658426040378,-0.5489825886301657,-0.45
122,0.016762868664505416,-0.758130081300813,-0.8109018204777438,-0.22249690976514216,-0.5991189427312775,-0.23546099290780143
123,-0.06562821222424291,0.6738482384823848,0.09081342733873514,-0.180675731355583,-0.18984686385567442,-0.4897163120567376
124,1.9016367517988455,-0.5628726287262873,-0.525097337682837,0.3535228677379481,-0.49947556114957,0.03439716312056738
125,5.079228275480351,-0.314769647696477,-0.08934020835525623,2.7744128553770087,-0.44115796098174953,-0.2148936170212766
126,0.5708073060804933,-0.5360433604336043,-0.6622119330737661,1.0556242274412855,-0.5311516677155443,-0.36914893617021277
127,0.7483988297619989,0.19607046070460704,0.28769862148795117,-0.45138030490317266,-0.10383889238514789,0.43439716312056736
128,-0.9377718035897842,0.41341463414634144,-0.4343891402714932,-0.6034198599093531,-0.381581707572897,-0.5393617021276595
129,2.396773938483435,-0.6598915989159891,-0.677785962327686,-0.27873918417799753,-0.5183553597650514,0.10460992907801418
130,-0.3835692259033763,-0.45636856368563683,-0.7631274334420709,0.6685208075813762,-0.5215019928676317,-0.2173758865248227
131,-0.782715268443109,-0.7055555555555556,-0.8036409554877407,-0.561392665842604,-0.5896790434235368,-0.43049645390070923
132,0.2295406025144303,-0.5100271002710027,-0.5758181626854677,-0.5140090646889164,-0.4040276903713027,-0.42411347517730497
133,-0.20289396694868347,-0.6441734417344174,-0.7067241923603073,-0.5428512566955088,-0.5506607929515418,-0.4
134,-0.36467146358820274,-0.5303523035230352,-0.6079132905398296,-0.48434281005356405,-0.5945038808474932,-0.35
135,-0.4506997706966079,-0.6107046070460704,-0.5640324108176366,-0.39163576431808816,-0.5626179987413468,-0.424822695035461
136,-0.5831422471732427,0.37710027100271004,-0.09691676312743344,0.30984754841367945,-0.09104258443465492,0.006382978723404255
137,-0.7047521151261169,0.3094850948509485,0.034831105966536886,-0.4964977338277709,-0.45311516677155445,-0.5276595744680851
138,0.12153079781766427,-0.20853658536585365,-0.3069556982005682,-0.6007416563658838,-0.5521292217327459,0.6195035460992908
139,-0.522890804143275,-0.11070460704607046,-0.48489950541934124,-0.46271116604861967,-0.47073631214600375,-0.21099290780141844
140,0.4446113702854432,-0.20542005420054202,-0.06797853309481217,-0.1631644004944376,-0.4029788126704426,0.3872340425531915
141,1.4532300150233257,1.0102981029810298,-0.290645059454909,-0.5665430572723527,-0.5936647786868051,-0.02624113475177305
142,1.9795999051158377,0.183739837398374,0.03177943807218773,-0.015657189946435928,-0.6001678204321376,-0.5393617021276595
143,-0.1261168656598403,-0.5691056910569106,-0.721351152267705,1.1030078285949731,-0.5206628907069436,-0.4276595744680851
144,0.5398118130782004,-0.28712737127371274,-0.6274860570346207,-0.6083642356819118,-0.4961191525068177,-0.46914893617021275
145,0.7937850873724994,0.35067750677506776,2.824476481111228,-0.6240214256283477,2.036920495070275,1.0304964539007093
146,-0.33454574207321897,-0.5230352303523035,-0.6075976007576555,-0.4419035846724351,-0.5890497168030208,-0.35602836879432626
147,-0.2211591681821776,-0.328319783197832,-0.5518257392402399,-0.3677379480840544,-0.37738619676945667,-0.35390070921985817
148,-0.48043014153554203,-0.7062330623306233,-0.7796485320425129,0.20210135970333745,-0.5449968533668974,-0.38652482269503546
149,1.566537518779157,-0.5911924119241192,-0.6629485425655056,-0.46786155747836833,-0.5806586951961401,-0.029787234042553193
150,0.3340713212619594,-0.5380758807588076,-0.6509523308428917,-0.4569427276473012,-0.5687014894063352,-0.1620567375886525
151,-0.8469202182335732,-0.3344173441734417,-0.6239082395033148,-0.523279769262464,-0.5508705684917139,0.08865248226950355
152,0.5408397248359295,-0.5995934959349594,-0.5067873303167421,-0.01442109600329625,-0.5305223410950283,-0.475177304964539
153,-0.6750217442871828,0.4680216802168022,-0.5874986846259076,-0.4721878862793572,-0.5410111181036291,0.03652482269503546
154,-0.8996599984185973,-0.7779132791327913,-0.8222666526360097,-0.6172229089410796,-0.6028949024543738,-0.5375886524822695
155,-0.7915711235866213,0.6631436314363144,1.2110912343470484,-0.584672435105068,1.8242080973358505,0.2230496453900709
156,-0.6460030046651379,-0.06842818428184282,0.7265074187098811,-0.5673671199011124,0.7998741346758967,0.5879432624113475
157,0.4564718905669329,-0.6002710027100271,-0.5763443123224244,0.06324680675731356,-0.434235368156073,-0.3921985815602837
158,-0.7226219656835613,0.1048780487804878,0.17541828896138062,-0.44107952204367534,0.2355779316131739,0.05602836879432624
159,-0.920771724519649,0.25853658536585367,0.7083026412711775,-0.5506798516687268,1.0899937067337948,-0.4329787234042553
160,-0.8124456392820432,-0.29065040650406504,0.5125749763232663,-0.46291718170580964,0.3236836584854206,0.22446808510638297
161,0.034316438681110145,-0.7121951219512195,-0.8069030832368725,-0.407704985578904,-0.6037340046150619,0.25141843971631206
162,0.2512058195619514,-0.5111111111111111,-0.43575712932758076,-0.08364235681911825,-0.5556954059156702,-0.324113475177305
163,-0.511504704673045,1.3455284552845528,1.9908449963169526,-0.1450350226617223,2.275015733165513,-0.3822695035460993
164,-0.5357792361824939,0.2448509485094851,0.06661054403872461,-0.10939431396786156,0.16635200335640865,-0.45602836879432623
165,0.2858385387839013,0.9291327913279133,1.2529727454488055,0.27894519983518745,0.8867212083071114,0.30319148936170215
166,-0.5675654305368862,0.12533875338753386,0.12827528149005576,-0.4281005356407087,0.43885043003985735,0.749290780141844
167,-0.7174824068949158,-0.3524390243902439,-0.4927917499736925,-0.5492377420683972,-0.25194042374659115,-0.2946808510638298
168,-0.4895232070846841,-0.6857723577235773,-0.7521835209933705,-0.34569427276473014,-0.5877910635619886,-0.3882978723404255
169,-0.5207559104926069,-0.6882113821138212,-0.6099126591602652,-0.138442521631644,-0.5898888189637088,-0.274468085106383
170,-0.9282833873645924,0.39010840108401085,0.5765547721772072,-0.40276060980634526,0.8672120830711139,-0.425886524822695
171,-0.9330275954771883,2.718970189701897,1.2485530884983689,-0.49855789039967036,1.2359974826935178,1.675886524822695
172,-0.8733296433936902,-0.042953929539295395,-0.1489003472587604,-0.5640708693860733,-0.008600797147052653,-0.2897163120567376
173,-0.9081995730212699,0.2548780487804878,1.247395559297064,-0.4396374124433457,1.458988881896371,-0.2865248226950355
174,-0.9262275638491342,-0.621680216802168,-0.2851731032305588,-0.11454470539761022,-0.5722676735892595,-0.029078014184397163
175,-0.7635802957223057,0.27764227642276423,0.41281700515626646,-0.6219612690564483,0.275854835326201,0.06134751773049645
176,2.6599193484620858,0.15745257452574526,-0.1489003472587604,0.8852492789451998,-0.2829872036920495,-0.45886524822695035
177,0.06001423262433779,0.2078590785907859,-0.35967589182363463,-0.27173465183353934,-0.6001678204321376,0.3925531914893617
178,-0.07891199493951134,0.17330623306233062,-0.3163211617383984,-0.39534404614750723,-0.579190266414936,-0.400354609929078
179,-0.6992172056614216,-0.12303523035230353,-0.5736083342102494,0.2896580140090647,-0.5470946087686176,0.2273049645390071
180,0.02814896813473551,0.032520325203252036,0.09849521203830369,-0.549855789039967,-0.3144535347178519,0.450354609929078
181,7.91895311140982,3.2291327913279133,1.073029569609597,2.8170580964153276,0.43360604153555693,2.491489361702128
182,-0.8939669486834823,0.3708672086720867,0.2701252236135957,-0.5414091470951793,0.8445563247325362,-0.4851063829787234
183,1.9646556495611607,5.169918699186992,1.2858044827949069,6.893901936547177,-0.5542269771344661,16.46063829787234
184,-0.922985688305527,-0.6609756097560976,-0.3410501946753657,-0.6174289245982695,-0.5342983008181246,-0.5365248226950354
185,-0.30283861785403654,0.0883468834688347,-0.7168262653898769,-0.18335393489905233,-0.592196349905601,-0.45283687943262413
186,-0.7109195856724915,-0.714769647696477,-0.7468167946964117,0.08220024721878863,-0.4052863436123348,-0.2826241134751773
187,-0.7560686328773623,0.2989159891598916,0.196569504367042,0.6588380716934487,0.12125026221942521,-0.5393617021276595
188,-0.3131177354313276,0.2497289972899729,0.393139008734084,-0.06448290070045323,0.8302915880008391,-0.3971631205673759
189,-0.8828971297540918,0.7833333333333333,0.3757760707145112,-0.5760197775030902,0.24040276903713026,0.11773049645390071
190,0.39029018739622046,0.061517615176151765,-0.62822266652636,0.8778327152863618,-0.5796098174952801,-0.5177304964539007
191,0.12840989958092827,-0.7453929539295393,-0.6913606229611702,-0.44932014833127315,-0.5953429830081812,-0.5106382978723404
192,-0.5132442476476635,-0.5873983739837398,-0.5998105861306956,-0.5199835187474248,-0.5651353052234109,-0.3953900709219858
193,-0.9346089981813869,-0.31314363143631435,1.2986425339366516,-0.43510506798516685,0.5741556534508077,-0.30425531914893617
194,-0.3868901715821934,-0.6482384823848238,-0.5237293486267495,-0.46662546353522866,-0.5298930144745123,-0.13546099290780142
195,0.39716928915948446,-0.08902439024390243,-0.28633063243186363,0.992377420683972,-0.5351374029788126,0.08191489361702127
196,1.4726021981497588,0.19146341463414634,-0.3213721982531832,3.222084878450762,-0.44430459408432976,0.4794326241134752
197,-0.7569384043646714,0.17628726287262872,0.25676102283489427,-0.4004944375772559,0.30060834906649886,-0.019858156028368795
198,-0.0248280224559184,-0.49349593495934957,-0.11859412817005156,0.09394313967861558,-0.4801762114537445,-0.29326241134751774
199,-0.18423341503913973,-0.4764227642276423,-0.6144375460380932,-0.5255459414915533,-0.5200335640864275,-0.4173758865248227
200,-0.7063335178303155,1.0086720867208672,1.5969693780911292,0.1792336217552534,1.4847912733375288,-0.28120567375886524
201,-0.594291136237843,1.1657181571815718,1.7633378932968535,0.0984754841367944,2.381791483113069,0.055673758865248224
202,1.0439629951767218,0.7711382113821138,0.1619488582552878,0.4107952204367532,-0.5447870778267254,1.8900709219858156
203,-0.9027437336917846,-0.6925474254742547,-0.6034936335893928,-0.5360527400082407,-0.40423746591147475,-0.5340425531914894
204,-0.7941804380485491,-0.6646341463414634,-0.286751552141429,-0.3477544293366296,-0.6033144535347178,-0.06950354609929078
205,-0.8613109828417806,0.801490514905149,1.6463222140376723,-0.4359291306139267,1.3392070484581498,-0.2886524822695035
206,-0.44492765082628294,-0.6796747967479675,-0.736714721666842,-0.45179233621755255,-0.5439479756660374,-0.43936170212765957
207,-0.7479244089507393,-0.1434959349593496,-0.19593812480269387,-0.025751957148743305,0.5108034403188588,-0.4978723404255319
208,-0.8273108247015103,-0.2775067750677507,-0.22235083657792276,-0.24969097651421507,0.10488777008600797,-0.25460992907801416
209,-0.5100023721040563,0.9394308943089431,0.9277070398821425,-0.4546765554182118,2.00104887770086,-0.2578014184397163
210,0.5192535779236183,-0.5285907859078591,-0.690097863832474,-0.261639884631232,-0.5531780994336061,0.20425531914893616
211,0.009409346089981814,3.0528455284552845,3.340313585183626,0.3430160692212608,3.4673799035032515,0.4773049645390071
212,-0.37234126670356604,-0.6482384823848238,-0.6196990424076607,-0.36670786979810466,-0.5540172015942941,0.08900709219858156
213,-0.6865659840278326,0.10921409214092141,-0.11470062085657161,-0.3588792748248867,0.22655758338577722,-0.10957446808510639
214,-0.762077963153317,0.10230352303523035,0.3591497421866779,-0.4445817882159044,0.6452695615691211,-0.2599290780141844
215,-0.7269708231201075,0.6733062330623306,0.7983794591181732,-0.3496085702513391,0.618208516886931,0.30638297872340425
216,-0.7486360401676286,1.4638211382113822,3.002735978112175,-0.595797280593325,2.1873295573736105,-0.30141843971631205
217,0.47789989720882425,-0.5855013550135502,-0.6213827212459223,-0.11104243922538112,-0.5770925110132159,-0.12978723404255318
218,-0.9474183600853957,0.23143631436314363,0.7633378932968536,-0.36794396374124433,0.40192993496958257,1.7191489361702128
219,-0.6203052107219104,-0.7356368563685637,-0.690413553614648,-0.157601977750309,-0.5863226347807846,-0.49432624113475176
220,0.2178382225033605,-0.663550135501355,-0.6912553930337788,-0.26905644829007,-0.5926159009859451,-0.274822695035461
221,-0.5221791729263857,0.23130081300813007,0.2835946543196885,-0.6139266584260403,0.2697713446612125,-0.45567375886524825
222,-0.5502490709259112,-0.6342818428184281,-0.5361464800589287,0.911619283065513,-0.5506607929515418,-0.4074468085106383
223,-0.7282359452834665,-0.4429539295392954,-0.2826475849731664,0.5234857849196539,-0.4390602055800294,-0.05815602836879433
224,-0.3736854590021349,-0.6960704607046071,-0.6789434915289908,-0.4711578079934075,-0.5896790434235368,-0.3067375886524823
225,0.05376769194275322,-0.3459349593495935,-0.3992423445227823,-0.4967037494849609,-0.4447241451646738,-0.26170212765957446
226,0.6943939274136158,0.016937669376693765,0.1326949384404925,-0.2702925422332097,-0.065659744073841,0.01028368794326241
227,-0.6292401360006326,-0.4867208672086721,-0.6722087761759444,-0.16172229089410795,-0.5491923641703378,-0.29609929078014185
228,-0.8010595398118131,-0.7071815718157182,-0.7764916342207724,-0.4369592088998764,0.394587791063562,-0.4684397163120567
229,-0.26441053214200994,-0.4132791327913279,-0.573503104282858,0.7775030902348579,-0.45877910635619884,-0.19290780141843972
230,-0.07337708547481617,0.026151761517615175,-0.24581711038619383,1.0815822002472189,-0.4040276903713027,0.2173758865248227
231,-0.7635012255870958,0.6615176151761517,-0.4338629906345365,-0.3362175525339926,-0.275854835326201,-0.36666666666666664
232,1.1039772278010596,-0.5441734417344174,-0.43281069136062295,-0.5012360939431397,-0.5447870778267254,-0.24468085106382978
233,-0.8726180121768008,-0.11002710027100271,-0.48774071345890774,-0.4396374124433457,-0.5185651353052234,-0.5379432624113475
234,0.2848896971613821,-0.4191056910569106,-0.4333368409975797,0.2449526163988463,-0.5361862806796728,0.36843971631205674
235,-0.803510714003321,0.07913279132791327,-0.5395138377354519,-0.38174701277297074,-0.34927627438640657,-0.4358156028368794
236,-0.2660710049814185,-0.6742547425474255,-0.5160475639271809,-0.15636588380716934,-0.5173064820641913,-0.46063829787234045
237,0.5291373448248596,-0.26531165311653115,-0.774281805745554,0.3220024721878863,-0.5984896161107615,-0.10957446808510639
238,-0.366648216968451,-0.7210027100271003,-0.7751236451646848,-0.40358467243510504,-0.5892594923431927,-0.46382978723404256
239,2.8064363090060884,-0.4375338753387534,-0.43901925707671263,0.44746600741656367,-0.43066918397314874,0.25851063829787235
240,0.7982920850794655,-0.30094850948509483,-0.09575923392612859,1.7204367531932427,-0.5324103209565765,0.36879432624113473
241,1.0222977781292006,-0.5413279132791328,-0.5762390823950332,-0.1761433868974042,-0.5179358086847073,-0.16914893617021276
242,0.4922906618170317,-0.6960704607046071,-0.5300431442702305,0.14029666254635353,-0.4814348646947766,-0.3354609929078014
243,-0.062465406815845656,-0.3008130081300813,-0.29801115437230347,-0.5170992995467656,-0.2515208726662471,0.3099290780141844
244,-0.45844864394718116,0.26815718157181573,0.3015889719036094,-0.38895756077461885,0.054961191525068176,0.15815602836879433
245,-0.7067288685063652,0.04850948509485095,0.6276965168894033,-0.5852904820766378,1.2695615691210405,0.44680851063829785
246,-0.24630347117893572,-0.45636856368563683,-0.6496895717141955,-0.2665842604037907,-0.514159848961611,-0.324113475177305
247,0.12406104214438207,-0.7384823848238482,-0.7852257181942545,-0.20477956324680677,-0.5951332074680092,-0.3067375886524823
248,0.29026646635565745,-0.07005420054200542,-0.5834999473850363,-0.5175113308611454,-0.48646947765890497,-0.3375886524822695
249,-0.3131177354313276,-0.2711382113821138,-0.61885720298853,0.6734651833539349,-0.4117893853576673,-0.4372340425531915
250,-0.696528821064284,-0.5153116531165312,-0.6473745133115858,-0.2762669962917182,-0.5552758548353262,-0.2886524822695035
251,-0.4638254131414565,2.3491869918699186,2.6975691886772597,0.7571075401730532,3.2962030627228867,1.275531914893617
252,-0.42516011702380013,-0.5333333333333333,-0.3378932968536252,0.950144210960033,-0.5613593455003146,0.0599290780141844
253,1.3857831896892543,0.29336043360433606,0.9486477954330211,-0.5436753193242686,-0.5282148101531361,-0.047163120567375885
254,-0.12817268917529848,1.6498644986449864,-0.3370514574344944,0.3327152863617635,-0.27984057058946926,0.6173758865248227
255,1.5508816320075907,-0.7191056910569106,-0.6793644112385563,0.03522867737948084,-0.5810782462764842,-0.3223404255319149
256,-0.07179568277061754,-0.10677506775067751,-0.284331263811428,-0.5393489905232798,-0.5221313194881477,-0.40815602836879433
257,-0.2787222266150075,-0.5237127371273713,-0.6385351994107125,0.39822826534816647,0.14936018460247535,-0.19042553191489361
258,3.4856487704593975,-0.16707317073170733,-0.6131747869093971,0.6903584672435105,-0.4512271869100063,0.6372340425531915
259,3.2580849213252154,-0.11341463414634147,-0.06471640534568031,-0.012154923774206839,-0.40151038388923854,-0.250354609929078
260,-0.2219498695342769,-0.12344173441734417,-0.6097021993054825,-0.565306963329213,-0.4407384099014055,-0.34609929078014184
261,-0.3275085000395351,-0.634959349593496,-0.7215616121224876,0.7719406674907293,-0.5940843297671492,-0.43865248226950354
262,0.8900925120581956,-0.5994579945799458,-0.6602125644533305,-0.4303667078697981,-0.5143696245017831,-0.3081560283687943
263,-0.7786036214121926,-0.6342818428184281,-0.13332631800484057,0.2581376184590029,0.0027270820222362073,-0.3946808510638298
264,-0.8639993674389184,0.5261517615176152,0.7885930758707776,-0.6201071281417387,0.6500943989930774,-0.09184397163120567
265,-0.481616193563691,2.4025745257452575,0.6048616226454804,1.4594149155335805,-0.4302496328928047,0.7489361702127659
266,-0.9036135051790939,0.5375338753387534,1.4975270967063032,-0.17511330861145447,0.4197608558842039,0.36843971631205674
267,0.7031707124219182,-0.6197831978319783,-0.5656108597285068,0.1862381540997116,-0.44975875812880217,0.7460992907801418
268,-0.007274452439313671,0.30582655826558264,1.2518152162475007,-0.41244334569427277,0.7327459618208517,-0.2929078014184397
269,0.25444769510555865,-0.7504065040650406,-0.7169314953172682,-0.11433868974042027,-0.5345080763582967,-0.46808510638297873
270,-0.5756305843282992,-0.6455284552845528,-0.7340839734820583,0.50041203131438,-0.5630375498216907,-0.5205673758865248
271,-0.7841385308768878,-0.10691056910569105,-0.6722087761759444,-0.4019365471775855,-0.5735263268302916,0.009219858156028368
272,-0.9081995730212699,0.3424119241192412,-0.11385878143744081,-0.5236918005768438,-0.5848542059995805,-0.17163120567375886
273,1.9622835455048628,-0.3727642276422764,-0.6795748710933389,0.35661310259579726,-0.5603104677994546,0.10638297872340426
274,-0.878152921641496,-0.5546070460704607,-0.6429548563611491,-0.47939843428100537,-0.4451436962450178,-0.13156028368794326
275,-0.8950739305764213,-0.5672086720867209,-0.8132168788803535,-0.45508858673259167,-0.5842248793790644,-0.40602836879432624
276,1.257294219973116,-0.2773712737127371,-0.10386193833526255,0.2900700453234446,-0.47786868051185233,0.34716312056737586
277,-0.23238712738198783,-0.6730352303523035,-0.7648111122803325,2.852904820766378,-0.47409272078875603,-0.49113475177304966
278,-0.02427453150944888,-0.4714092140921409,-0.5690834473324213,0.5714874330449115,-0.5468848332284456,-0.040780141843971635
279,0.4238159247252313,0.054742547425474256,0.18341576344312321,-0.36629583848372477,0.15502412418711978,0.0698581560283688
280,-0.682691547402546,-0.394579945799458,-0.5808691992002526,-0.43139678615574784,-0.5693308160268513,-0.14893617021276595
281,0.01881869217996363,0.17777777777777778,-0.18057455540355677,-0.407498969921714,-0.11600587371512482,0.19680851063829788
282,2.9305764212856804,-0.2481029810298103,-0.38924550142060405,0.5972393901936547,-0.3859869939165093,-0.0425531914893617
283,1.088558551435123,-0.29579945799457996,-0.6248553088498369,1.4899052327976927,-0.538493811621565,-0.04964539007092199
284,4.503123270340792,-0.18766937669376693,0.49016100178890876,1.1580140090646889,-0.446821900566394,0.3127659574468085
285,2.2340476002213965,-0.6986449864498645,-0.45785541407976427,-0.4180057684384013,-0.512901195720579,-0.5340425531914894
286,-0.3835692259033763,-0.48089430894308943,-0.7059875828685678,-0.29913473423980225,-0.3471785189846864,-0.4950354609929078
287,0.2652012334941093,-0.5005420054200542,-0.5390929180258865,1.0908529048207665,-0.5233899727291798,-0.17624113475177305
288,0.33683877599430695,-0.7048780487804878,-0.7003051667894349,-0.4579728059332509,-0.5110132158590308,-0.44893617021276594
289,2.434253182572942,-0.7466124661246613,-0.7871198568872988,-0.34672435105067984,-0.5976505139500734,-0.5326241134751774
290,-0.7347196963706808,-0.4926829268292683,-0.5586656845206777,-0.5292542233209724,-0.40192993496958257,-0.0007092198581560284
291,-0.47268126828496876,-0.3308943089430894,-0.49352835946543194,-0.1161928306551298,-0.5598909167191105,-0.29716312056737587
292,-0.7244405787933897,-0.36720867208672087,-0.3811427970114701,0.1580140090646889,-0.43129851059366475,-0.16453900709219857
293,-0.6328773622202893,0.7191056910569106,0.47542881195411973,-0.4468479604449938,0.6442206838682609,-0.2776595744680851
294,0.7332173638016921,-0.5126016260162601,-0.14742712827528148,-0.4454058508446642,-0.434235368156073,0.11702127659574468
295,-0.3488574365462165,-0.528319783197832,-0.2859097127222982,-0.5467655541821178,-0.14117893853576674,-0.450354609929078
296,0.5603700482327825,-0.6086720867208673,-0.45333052720193623,-0.005356407086938607,-0.4554226977134466,-0.22198581560283687
297,-0.30916422867083104,-0.3518970189701897,-0.10154687993265285,-0.3329213020189534,0.17432347388294525,-0.35212765957446807
298,-0.4144856487704594,-0.16747967479674797,0.2119330737661791,-0.4402554594149155,0.3475980700650304,-0.1726950354609929
299,-0.913734482485965,-0.666260162601626,-0.6199095022624435,-0.5782859497321796,-0.5435284245856933,-0.44858156028368795
300,0.351703961413774,0.06056910569105691,-0.167420814479638,-0.46291718170580964,-0.045940843297671494,0.17056737588652482
301,-0.5311140982051079,1.018970189701897,1.309902136167526,-0.2599917593737124,1.2315921963499057,-0.4794326241134752
302,-0.720645212303313,-0.06693766937669376,0.1929916868357361,-0.557684384013185,0.7037969372771135,-0.34361702127659577
303,-0.7433383411085633,-0.2856368563685637,0.6185415132063559,-0.5313143798928719,1.5078665827564506,-0.5195035460992907
304,-0.9361113307503756,0.22547425474254743,1.7701778385772913,-0.5055624227441285,1.8674218586112858,0.3141843971631206
305,-0.9296275796631612,0.9678861788617886,0.09481216457960644,-0.4680675731355583,0.21564925529683238,-0.4656028368794326
306,-0.43741598798133946,0.958130081300813,1.433126381142797,-0.25360527400082405,0.9811202013845186,0.00673758865248227
307,0.4212066102633035,-0.46368563685636854,-0.5376196990424077,-0.39596209311907704,-0.5307321166352004,-0.2124113475177305
308,-0.39637858780738516,-0.6471544715447154,-0.5202567610228349,-0.5469715698393078,-0.5504510174113698,-0.3078014184397163
309,-0.8762552383964577,2.0134146341463413,0.5909712722298222,-0.330861145447054,0.8317600167820433,-0.25460992907801416
310,-0.3926622914525184,-0.5831978319783198,-0.5836051773124277,1.9567367119901113,-0.5416404447241452,-0.14432624113475176
311,1.394401834427137,-0.468970189701897,0.03462064611175418,-0.005150391429748661,-0.52653660583176,-0.498936170212766
312,-0.7798687435755515,-0.27899728997289974,1.1807850152583395,-0.37021013597033375,2.986993916509335,-0.4900709219858156
313,-0.17521941962520757,-0.6600271002710028,-0.5836051773124277,0.2834775442933663,-0.565974407384099,-0.4351063829787234
314,-0.10935399699533487,-0.5421409214092141,-0.03198989792697043,-0.32715286361763496,-0.42458569330816026,-0.10319148936170212
315,-0.8318968925436863,1.2447154471544715,0.4180785015258339,-0.496291718170581,0.2118732955737361,0.7035460992907802
316,-0.38530876887799476,-0.5990514905149051,-0.6050720825002631,-0.080758137618459,-0.5869519614013006,-0.16489361702127658
317,-0.8553807227010358,-0.36693766937669375,-0.19330737661791014,-0.43119077049855786,-0.43213761275435286,0.040070921985815605
318,-0.015814027041986242,-0.4177506775067751,-0.462275071030201,-0.19571487433044912,-0.4562617998741347,-0.5223404255319148
319,-0.17719617300545584,2.611788617886179,1.020098916131748,-0.4002884219200659,1.9985315712187959,0.035815602836879436
320,-0.8085712026567565,-0.2845528455284553,-0.5967589182363464,-0.526782035434693,-0.5466750576882735,-0.24468085106382978
321,-0.2249545346722543,-0.528319783197832,-0.2929601178575187,-0.07354758961681088,-0.5565345080763583,-0.14574468085106382
322,0.306871194749743,-0.6887533875338754,-0.48784594338629905,0.13020189534404614,-0.2959932871827145,-0.4592198581560284
323,0.10753538388550644,-0.6574525745257452,0.38324739555929704,-0.4441697569015245,-0.2521501992867632,-0.3372340425531915
324,1.1051632798292086,-0.29932249322493226,-0.577396611596338,-0.1446229913473424,-0.5749947556114957,-0.15319148936170213
325,1.6380959911441448,1.488888888888889,0.5971798379459118,11.907292954264523,-0.33752884413677364,1.448581560283688
326,-0.5998260457025382,-0.5672086720867209,-0.6860991265916027,0.08796868562010712,-0.5231801971890078,-0.24468085106382978
327,-0.9059856092353918,-0.663550135501355,-0.661580553509418,-0.5473836011536877,-0.5859030837004405,-0.3553191489361702
328,0.39005297699059066,-0.48604336043360435,-0.48005892875933914,0.984342810053564,-0.5603104677994546,0.0035460992907801418
329,-0.5445560211907963,-0.5840108401084011,-0.3544143954540671,0.42356819118252986,-0.501153765470946,-0.2783687943262411
330,-0.17474499881394798,-0.5433604336043361,-0.299063453646217,0.10280181293778327,-0.5661841829242711,-0.17056737588652482
331,-0.06143749505811655,1.231029810298103,1.9875828685678207,-0.3784507622579316,1.4107405076568071,-0.14964539007092198
332,0.8160828655017001,-0.34959349593495936,-0.6844154477533411,-0.17779151215492378,-0.5670232850849591,0.3822695035460993
333,-0.2716059144461137,-0.11056910569105691,6.2450805008944545,-0.6056860321384425,7.388504300398574,-0.10957446808510639
334,0.3813552621174982,-0.659620596205962,-0.5480374618541514,1.7486608982282654,-0.5347178518984687,0.6957446808510638
335,1.1925357792361826,0.1383468834688347,0.29874776386404295,-0.3514627111660486,0.2580239144115796,0.21808510638297873
336,0.15576816636356447,-0.5806233062330624,-0.696727349258129,-0.49876390605686033,-0.5737361023704636,-0.2645390070921986
337,-0.20945678817110777,-0.6028455284552846,-0.5619278122698095,1.0504738360115369,-0.5116425424795469,-0.2326241134751773
338,-0.9486044121135447,-0.7402439024390244,-0.0978638324739556,2.5813761845900287,-0.6012166981329977,-0.3453900709219858
339,-0.7419150786747846,-0.624390243902439,-0.2755971798379459,1.3417799752781212,-0.4841619467170128,0.14822695035460992
340,-0.9187159010041908,-0.2399728997289973,0.18089024518573082,-0.5527400082406263,0.92091462135515,-0.05425531914893617
341,-0.7653989088321341,-0.004471544715447155,0.3458907713353678,-0.4746600741656366,0.47849800713236834,0.22482269503546098
342,-0.928678738040642,-0.005149051490514906,-0.213406292749658,-0.5607746188710342,0.3595552758548353,-0.06950354609929078
343,-0.8152921641496007,0.15826558265582655,1.9325476165421447,-0.3327152863617635,2.6406544996853367,-0.5273049645390071
344,-0.7082312010753539,-0.6265582655826558,-0.6511627906976745,-0.17243510506798518,-0.5588420390182505,-0.40602836879432624
345,-0.8541156005376769,-0.4327913279132791,0.04040829211827844,-0.549855789039967,0.20180406964547934,-0.4329787234042553
346,-0.7297382778524552,0.1548780487804878,0.7986951489003472,-0.07787391841779975,0.7801552338997273,-0.1450354609929078
347,1.216098679528742,0.1880758807588076,0.45880248342628643,-0.053976102183765966,0.36500943989930773,-0.17801418439716313
348,-0.6777891990195303,-0.46287262872628726,-0.6232768599389666,-0.35640708693860734,-0.35598909167191106,-0.3046099290780142
349,-0.4759231438285759,1.198509485094851,1.3227401873092708,-0.2196126905644829,1.9586742185861128,-0.38262411347517733
350,-0.6704356764450067,-0.6364498644986449,-0.6265389876880985,-0.2626699629171817,-0.5680721627858192,-0.1875886524822695
351,-0.8531667589151577,0.5756097560975609,1.5093128485741345,-0.27400082406262877,2.0467799454583595,0.5719858156028369
352,-0.9007669803115363,-0.6355013550135501,-0.675365673997685,-0.46168108776267,-0.5854835326200964,-0.47127659574468084
353,-0.9395904166996125,0.06341463414634146,1.3945069977901716,-0.5857025133910178,1.2169079085378645,-0.14645390070921985
354,0.16122400569304973,0.21639566395663956,-0.5685572976954646,0.6829419035846724,-0.3247325361862807,0.2897163120567376
355,-0.9338182968292876,-0.6868563685636856,-0.6249605387772282,-0.5822002472187886,-0.565764631843927,-0.49539007092198584
356,0.8449434648533249,-0.7672086720867208,-0.8137430285173103,0.017717346518335394,-0.6024753513740297,-0.34609929078014184
357,-0.945916027516407,-0.6126016260162601,1.5069977901715248,-0.6044499381953028,0.8109922383050137,-0.5014184397163121
358,-0.8888273898948367,1.7436314363143632,-0.6620014732189835,0.626905644829007,-0.4919236417033774,0.9134751773049645
359,-0.8859017948920692,0.011111111111111112,-0.6147532358202673,-0.5626287597857437,-0.5556954059156702,-0.2652482269503546
360,0.6124772673361272,-0.3962059620596206,-0.6255919183415763,-0.09682735887927482,-0.5061883784350745,-0.3620567375886525
361,-0.5745236024353602,-0.7031165311653117,-0.7457644954224981,-0.3842192006592501,-0.5710090203482274,-0.39680851063829786
362,-0.7811338657389104,-0.5684281842818428,-0.5785541407976429,-0.5173053152039555,-0.566813509544787,-0.28794326241134754
363,-0.5829841069028228,-0.6502710027100271,-0.3696727349258129,-0.5933250927070457,-0.32431298510593665,-0.42907801418439717
364,-0.7420732189452044,-0.6670731707317074,-0.6763127433442071,-0.4054388133498146,-0.49653870358716173,-0.37446808510638296
365,-0.5778445481141773,0.044986449864498644,0.007787014626959908,-0.29913473423980225,0.34277323264107407,0.5606382978723404
366,-0.19285205977702222,-0.48495934959349596,-0.661580553509418,-0.39101771734651836,-0.5577931613173904,-0.3819148936170213
367,-0.6739147623942437,-0.6642276422764227,-0.7804903714616437,-0.33250927070457353,-0.55149989511223,-0.41914893617021276
368,0.8171898473946391,-0.6233062330623306,-0.5834999473850363,-0.2111660486196951,-0.5831760016782043,-0.3425531914893617
369,-0.45773701273029177,-0.7397018970189702,-0.7648111122803325,-0.40832303255047386,-0.5957625340885253,-0.43546099290780144
370,2.188582272475686,-0.25094850948509484,-0.3152688624644849,-0.3516687268232386,-0.4946507237256136,0.2521276595744681
371,0.6408634458764925,-0.5296747967479675,-0.6326423234767968,1.0492377420683972,-0.45416404447241454,-0.2602836879432624
372,-0.6417332173638017,-0.2703252032520325,-0.6640008418394191,-0.45220436753193244,-0.5210824417872876,1.1719858156028369
373,0.24321973590574839,0.06246612466124661,-0.05819214984741661,-0.3228265348166461,-0.20243339626599538,0.5634751773049645
374,-0.4476951055586305,-0.4796747967479675,-0.6611596337998527,-0.3252987227029254,-0.539123138242081,-0.29716312056737587
375,-0.48699296275796633,-0.5888888888888889,-0.7144059770598759,-0.5096827358879275,-0.5045101741136984,-0.5156028368794326
376,-0.7008776785008303,0.3840108401084011,0.5929706408502579,0.5294602389781623,0.3744493392070485,-0.03475177304964539
377,2.118526132679687,-0.3579945799457995,-0.5580343049563296,-0.4196538936959209,-0.5842248793790644,-0.1
378,-0.6938404364671463,-0.33902439024390246,-0.6365358307902768,-0.5745776679027607,-0.5900985945038808,-0.1453900709219858
379,-0.628765715189373,-0.08563685636856369,0.25676102283489427,-0.6058920477956324,-0.43381581707572897,-0.4769503546099291
380,1.2854431881078516,-0.6574525745257452,-0.6108597285067874,0.1668726823238566,-0.47849800713236834,-0.44468085106382976
381,0.4562346801613031,-0.1632791327913279,-0.6665263600968115,1.4124433456942727,-0.552758548353262,-0.3517730496453901
382,1.7754408160037953,0.22208672086720868,0.05450910238871935,-0.10939431396786156,-0.24543738200125864,0.4854609929078014
383,-0.8048549063018898,-0.6005420054200542,-0.4736399031884668,0.19262463947259992,-0.5210824417872876,-0.4124113475177305
384,-0.1041353680714794,2.176422764227642,0.7838577291381669,0.1161928306551298,-0.5452066289070694,1.275177304964539
385,-0.02886059935162489,-0.6604336043360434,-0.6668420498789855,-0.10053564070869386,-0.5640864275225509,-0.16170212765957448
386,-0.8534830394559975,-0.2948509485094851,-0.5360412501315374,-0.2319736299958797,-0.5303125655548563,-0.1975177304964539
387,0.7051474658021665,-0.5257452574525745,-0.671156476902031,-0.2288833951380305,-0.5559051814558422,-0.199645390070922
388,-0.17514034948999763,-0.6704607046070461,-0.7133536777859624,-0.2871858261227853,-0.5624082232011748,-0.3964539007092199
389,-0.2067684035739701,-0.5780487804878048,-0.6870461959381248,-0.010712814173877214,-0.5567442836165303,-0.2978723404255319
390,-0.6837985292954851,-0.6253387533875339,-0.6969378091129117,0.5008240626287598,-0.539123138242081,-0.18581560283687942
391,-0.7395429746184866,-0.41124661246612465,-0.5932863306324319,-0.4458178821590441,-0.5844346549192364,0.1074468085106383
392,-0.9078832924804301,-0.21897018970189702,-0.45785541407976427,-0.4969097651421508,-0.578770715334592,-0.30851063829787234
393,0.9197438127619199,0.12655826558265582,-0.4323897716510576,1.1431808817470128,-0.5235997482693517,-0.25
394,0.029809440974144067,-0.6681571815718157,-0.49952646532673894,-0.3446641944787804,-0.5731067757499475,-0.3801418439716312
395,-0.18961018423341505,-0.6070460704607046,-0.7037777543933494,-0.030902348578491966,-0.42794210195091253,-0.4375886524822695
396,-0.591839962046335,0.8394308943089431,0.14669051878354203,-0.08796868562010712,0.10425844346549193,0.24432624113475176
397,-0.03676761287261801,-0.559620596205962,-0.6864148163737767,0.7760609806345282,-0.5909376966645689,-0.27695035460992906
398,-0.044121135447141614,-0.6455284552845528,-0.7754393349468589,0.4777503090234858,-0.5888399412628488,-0.45283687943262413
399,-0.18881948288131573,-0.7071815718157182,-0.7382931705777123,-0.30284301606922126,-0.5059786028949025,-0.4074468085106383
400,-0.5972958013758204,-0.6626016260162602,-0.7064085025781333,0.10403790688092295,-0.5722676735892595,-0.18085106382978725
401,1.1992567407290267,-0.40582655826558267,-0.6127538671998316,2.091470951792336,-0.5850639815397525,0.13404255319148936
402,1.1496006958171898,-0.1413279132791328,-0.3009575923392613,-0.5873506386485373,-0.6022655758338578,-0.4198581560283688
403,1.075828259666324,0.7059620596205962,-0.3522045669788488,-0.6065100947672023,-0.47178518984686385,-0.43829787234042555
404,0.48019293112991224,-0.1602981029810298,-0.4742712827528149,0.2581376184590029,-0.41262848751835535,-0.2868794326241135
405,-0.40452281173400806,-0.6436314363143631,-0.7138798274229191,-0.20642768850432633,-0.47996643591357246,-0.40638297872340423
406,1.033130386652961,-0.10650406504065041,-0.307797537619699,1.3875154511742893,-0.37528844136773654,-0.2
407,-0.3667272871036609,0.9550135501355014,1.1293275807639693,-0.04470539761021838,1.0492972519404238,-0.3443262411347518
408,-0.29595951609077253,-0.25962059620596206,-0.16247500789224456,-0.29357231149567364,-0.03167610656597441,-0.41843971631205673
409,-0.26029888511109356,-0.2929539295392954,-0.19478059560138902,-0.14874330449114131,-0.1590098594503881,1.2812056737588653
410,-0.4243694156717008,-0.5013550135501355,-0.35651899400189413,-0.3465183353934899,-0.21418082651562828,0.13049645390070921
411,-0.7807385150628607,-0.3397018970189702,-0.491423760917605,-0.3164400494437577,-0.5550660792951542,1.0074468085106383
412,-0.9411718194038112,-0.29688346883468836,0.4681679469641166,-0.6124845488257108,0.01867002307530942,-0.5184397163120568
413,-0.5548351387680873,-0.12696476964769648,-0.13869304430179943,3.0480016481252576,-0.4130480385986994,0.3230496453900709
414,-0.4768719854510951,-0.5157181571815718,-0.4771124907923813,0.5372888339513803,-0.3662680931403398,-0.4375886524822695
415,-0.32877362220289397,0.03387533875338753,0.06324318636220141,-0.2843016069221261,0.1382420809733585,0.12411347517730496
416,-0.6018027990827864,0.6970189701897019,0.31116489529622227,-0.4579728059332509,0.8070065030417454,-0.18829787234042553
417,-0.5483513876808729,-0.04024390243902439,0.3266336946227507,-0.557684384013185,0.12670442626389763,-0.16347517730496453
418,-0.8966553332806199,0.36558265582655824,1.1229085551930968,-0.6052740008240626,0.8095238095238095,-0.2652482269503546
419,-0.24820115442397406,-0.2727642276422764,-0.6027570240976534,-0.5022661722290894,-0.27291797776379273,-0.0010638297872340426
420,-0.596505100023721,-0.07181571815718157,0.5551930969167631,-0.6275236918005769,0.8258863016572268,-0.046453900709219856
421,0.4003320945678817,-0.12859078590785908,0.11596337998526782,-0.42027194066749074,0.11202013845185652,0.09219858156028368
422,1.1386099470230093,-0.598780487804878,-0.397663895611912,-0.46168108776267,-0.40549611915250683,-0.10851063829787234
423,0.44002530244326715,-0.2859078590785908,-0.34662738082710726,-0.4145035022661722,-0.2261380323054332,-0.30354609929078014
424,0.3937692733454574,-0.394579945799458,0.4504893191623698,-0.45261639884631233,0.0696454793371093,-0.4521276595744681
425,-0.05985609235391792,-0.45907859078590785,-0.5638219509628538,2.5292542233209723,-0.5817075728970003,0.12836879432624113
426,0.08966553332806199,0.48116531165311655,0.6697884878459434,0.01442109600329625,0.461086637298091,0.13120567375886524
427,1.5032814106112122,1.4757452574525745,-0.265389876880985,2.4744540585084467,-0.512271869100063,-0.1280141843971631
428,-0.7079149205345141,0.023577235772357725,-0.32000420919709566,-0.17985166872682323,-0.4260541220893644,-0.4280141843971631
429,-0.26828496876729657,-0.5482384823848239,-0.4599600126275913,-0.622991347342398,-0.5867421858611286,0.34645390070921983
430,-0.7039614137740176,-0.2121951219512195,0.897821740502999,-0.5142150803461063,-0.5538074260541221,0.1971631205673759
431,-0.2741361587728315,-0.03929539295392954,-0.2936967273492581,2.1456530696332923,-0.31550241241871196,-0.009219858156028368
432,0.7208824227089429,-0.6279132791327914,-0.3364200778701463,-0.5772558714462299,-0.32578141388714077,-0.400354609929078
433,-0.7921246145330908,-0.34932249322493225,-0.6795748710933389,-0.315203955500618,-0.5296832389343402,-0.026595744680851064
434,0.3740808096781845,-0.25392953929539297,0.004524886877828055,-0.49093531108364236,-0.10698552548772813,-0.24326241134751772
435,1.3997786036214122,0.8475609756097561,0.8498368936125434,2.073341573959621,-0.5661841829242711,0.24113475177304963
436,2.152921641496007,-0.5914634146341463,-0.7562874881616332,0.29645653069633293,-0.5848542059995805,0.29148936170212764
437,0.2001265122163359,1.313279132791328,2.3457855414079765,-0.5426452410383189,2.5089154604573105,0.12163120567375886
438,-0.13520993120898236,-0.5169376693766937,-0.6018099547511312,-0.4188298310671611,-0.5691210404866792,0.21312056737588653
439,-0.7284731556890962,-0.5552845528455285,-0.5725560349363359,-0.619283065512979,-0.5043003985735264,-0.5219858156028369
